accuracy,precision,recall,f1_score,roc_auc,log_loss
0.577212225782598,0.558960692871419,0.5415698424993545,0.550127860468166,0.6007020653935038,0.6775609239856889
