accuracy,precision,recall,f1_score,roc_auc,log_loss
0.6703621581670363,0.0,0.0,0.0,0.5406478312355264,0.6289245082919812
