accuracy,precision,recall,f1_score,roc_auc,log_loss
0.5161449346807986,0.49514200298953664,0.6840474961280331,0.574463472794277,0.5242665179571601,0.7019078153380945
