accuracy,precision,recall,f1_score,roc_auc
0.5674143455755485,0.5494028230184582,0.5224574083634487,0.5355914263032548,0.5954475165837075
