accuracy,precision,recall,f1_score,roc_auc,log_loss
0.5679073206803057,0.5499457111834962,0.5229736706246774,0.5361206668430801,0.5955013344892414,0.678876577311985
