accuracy,precision,recall,f1_score,roc_auc,log_loss
0.5398693615972393,0.5129130797000833,0.7153369481022464,0.5974446061782306,0.5527293395658784,0.6880568887727944
