accuracy,precision,recall,f1_score,roc_auc,log_loss
0.4950110864745011,0.3137485311398355,0.4494949494949495,0.3695501730103806,0.48406122751852776,18.16280632761017
