accuracy,precision,recall,f1_score,roc_auc,log_loss
0.8041656396351984,0.7632549562010142,0.8548928479215079,0.8064791133844842,0.8429347626568204,4.243706114646121
