accuracy,precision,recall,f1_score,roc_auc,log_loss
0.5769041163421247,0.55863539445629,0.5411825458301058,0.5497704918032786,0.6006922026157913,0.6775620397156688
