accuracy,precision,recall,f1_score,roc_auc,log_loss
0.5454769534138526,0.5220066256507335,0.5694372741352607,0.5446913580246914,0.5245672650763191,13.825856073790867
